{
  "min": [
    8.843397e-10,
    0.0,
    0.0,
    1.0,
    18700.0,
    742.0
  ],
  "max": [
    62.946934,
    17413.0,
    124322.0,
    8668.0,
    420618100000.0,
    219588430.0
  ]
}