{
  "min": [
    0.0,
    0.0,
    0.0,
    1.0,
    7141.0,
    0.0
  ],
  "max": [
    98.10051,
    18282.0,
    283019.0,
    8668.0,
    1.7572144e13,
    5485491700.0
  ]
}